{"data_time": 0.029361992492340505, "eta_seconds": 69.848963170778, "iteration": 19, "loss_box_reg_stage0": 0.8212485313415527, "loss_box_reg_stage1": 0.7352550029754639, "loss_box_reg_stage2": 0.39790767431259155, "loss_cls_stage0": 0.7463594079017639, "loss_cls_stage1": 0.7013549208641052, "loss_cls_stage2": 0.6980472207069397, "loss_mask": 0.6880740821361542, "loss_rpn_cls": 0.12937615811824799, "loss_rpn_loc": 0.0573212094604969, "lr": 1.2162162162162162e-06, "mask_rcnn/accuracy": 0.8090322066326531, "mask_rcnn/false_negative": 0.0733685074285584, "mask_rcnn/false_positive": 0.4576924520230367, "roi_head/num_bg_samples": 48.0, "roi_head/num_fg_samples": 16.0, "rpn/num_neg_anchors": 231.8125, "rpn/num_pos_anchors": 24.1875, "stage0/fast_rcnn/cls_accuracy": 0.30859375, "stage0/fast_rcnn/false_negative": 0.4745017224409449, "stage0/fast_rcnn/fg_cls_accuracy": 0.5254982775590551, "stage1/fast_rcnn/cls_accuracy": 0.455078125, "stage1/fast_rcnn/false_negative": 0.8410299806576402, "stage1/fast_rcnn/fg_cls_accuracy": 0.15897001934235977, "stage1/roi_head/num_bg_samples": 52.9375, "stage1/roi_head/num_fg_samples": 11.0625, "stage2/fast_rcnn/cls_accuracy": 0.4443359375, "stage2/fast_rcnn/false_negative": 0.4405080213903743, "stage2/fast_rcnn/fg_cls_accuracy": 0.5594919786096256, "stage2/roi_head/num_bg_samples": 55.6875, "stage2/roi_head/num_fg_samples": 8.3125, "time": 4.10876253945753, "total_loss": 5.0444374941289425}
{"data_time": 0.026643794495612383, "eta_seconds": 0.0, "iteration": 36, "loss_box_reg_stage0": 0.759501188993454, "loss_box_reg_stage1": 0.6127448678016663, "loss_box_reg_stage2": 0.42665551602840424, "loss_cls_stage0": 0.7384044229984283, "loss_cls_stage1": 0.6974389851093292, "loss_cls_stage2": 0.6952775120735168, "loss_mask": 0.6858203411102295, "loss_rpn_cls": 0.1006602793931961, "loss_rpn_loc": 0.046809522435069084, "lr": 6.756756756756743e-08, "mask_rcnn/accuracy": 0.8436951929209184, "mask_rcnn/false_negative": 0.07800280190061597, "mask_rcnn/false_positive": 0.33495573554790076, "roi_head/num_bg_samples": 48.0, "roi_head/num_fg_samples": 16.0, "rpn/num_neg_anchors": 233.25, "rpn/num_pos_anchors": 22.75, "stage0/fast_rcnn/cls_accuracy": 0.3310546875, "stage0/fast_rcnn/false_negative": 0.46850198412698413, "stage0/fast_rcnn/fg_cls_accuracy": 0.5314980158730158, "stage1/fast_rcnn/cls_accuracy": 0.4853515625, "stage1/fast_rcnn/false_negative": 0.850263097689316, "stage1/fast_rcnn/fg_cls_accuracy": 0.14973690231068404, "stage1/roi_head/num_bg_samples": 53.0, "stage1/roi_head/num_fg_samples": 11.0, "stage2/fast_rcnn/cls_accuracy": 0.4931640625, "stage2/fast_rcnn/false_negative": 0.5143325143325144, "stage2/fast_rcnn/fg_cls_accuracy": 0.4856674856674857, "stage2/roi_head/num_bg_samples": 55.3125, "stage2/roi_head/num_fg_samples": 8.6875, "time": 4.152275439992081, "total_loss": 4.784957777708769}
{"bbox/AP": 0.007955309550531786, "bbox/AP50": 0.02225611422155763, "bbox/AP75": 0.004337291735215817, "bbox/APl": 0.04263072888190398, "bbox/APm": NaN, "bbox/APs": NaN, "iteration": 38, "segm/AP": 0.008095218996437278, "segm/AP50": 0.02295161779098131, "segm/AP75": 0.006558263212913022, "segm/APl": 0.045274360912419286, "segm/APm": NaN, "segm/APs": NaN}
